Rank,Name,Platform,Year,Genre,Publisher,NA_Sales,EU_Sales,JP_Sales,Other_Sales,Global_Sales
4971,Samurai Warriors Chronicles,3DS,2011.0,Action,Tecmo Koei,0.12,0.05,0.2,0.01,0.39
6091,Power Pro Kun Pocket 11,DS,2008.0,Sports,Konami Digital Entertainment,0.0,0.0,0.29,0.0,0.29
1779,Dragon Quest I & II,SNES,1993.0,Role-Playing,Enix Corporation,0.0,0.0,1.15,0.0,1.15
8004,Pure Futbol,X360,2010.0,Sports,Ubisoft,0.08,0.09,0.0,0.02,0.18
13270,Venus & Braves: Majo to Megami to Horobi no Yogen,PSP,2011.0,Role-Playing,Namco Bandai Games,0.0,0.0,0.05,0.0,0.05
6292,Dave Mirra Freestyle BMX: Maximum Remix,PS,2001.0,Sports,Acclaim Entertainment,0.15,0.1,0.0,0.02,0.27
10142,MLB Power Pros,PS2,2007.0,Sports,Konami Digital Entertainment,0.0,0.0,0.11,0.0,0.11
3526,Madden NFL 06,GC,2005.0,Sports,Electronic Arts,0.44,0.11,0.0,0.02,0.57
11583,Assassin's Creed Chronicles,PS4,2016.0,Action,Ubisoft,0.01,0.05,0.01,0.01,0.08
14090,FunkMaster Flex's Digital Hitz Factory,PS2,2003.0,Misc,Jester Interactive,0.02,0.01,0.0,0.0,0.04
3387,London 2012: The Official Video Game of the Olympic Games,X360,2012.0,Sports,Sega,0.07,0.46,0.0,0.07,0.59
2970,Frozen: Olaf's Quest,DS,2013.0,Platform,Disney Interactive Studios,0.28,0.35,0.0,0.06,0.69
4054,Backyard Baseball,PS2,2004.0,Sports,Atari,0.24,0.19,0.0,0.06,0.49
5498,Capcom Classics Collection Reloaded,PSP,2006.0,Misc,Capcom,0.26,0.0,0.03,0.03,0.33
2255,WWE SmackDown vs. Raw 2009,X360,2008.0,Fighting,THQ,0.58,0.26,0.0,0.08,0.92
14030,World in Conflict: Complete Edition,PC,2009.0,Strategy,Ubisoft,0.0,0.03,0.0,0.01,0.04
2275,Homefront,PS3,2011.0,Shooter,THQ,0.32,0.4,0.04,0.15,0.91
14339,Dragon's Dogma Online,PS3,2015.0,Role-Playing,Capcom,0.0,0.0,0.03,0.0,0.03
3771,Conflict: Vietnam,PS2,2004.0,Shooter,SCi,0.26,0.2,0.0,0.07,0.53
11448,ToraDora Portable!,PSP,2009.0,Adventure,Namco Bandai Games,0.0,0.0,0.08,0.0,0.08
10220,Nuclear Strike 64,N64,1999.0,Simulation,THQ,0.09,0.02,0.0,0.0,0.11
7166,Hatsune Miku: Project Mirai 2,3DS,2013.0,Action,Sega,0.0,0.0,0.22,0.0,0.22
13491,Front Mission,DS,2007.0,Strategy,Square Enix,0.01,0.0,0.03,0.0,0.04
7931,Thoroughbred Breeder,SNES,1993.0,Simulation,Hect,0.0,0.0,0.19,0.0,0.19
3394,Jampack Fall 2001,PS,2001.0,Misc,Sony Computer Entertainment,0.33,0.22,0.0,0.04,0.59
15354,Chicken Hunter,DS,2007.0,Shooter,Phoenix Games,0.02,0.0,0.0,0.0,0.02
8975,Summon Night 5,PSP,2013.0,Role-Playing,Namco Bandai Games,0.0,0.0,0.15,0.0,0.15
3420,NHL 12,PS3,2011.0,Sports,Electronic Arts,0.36,0.16,0.0,0.07,0.59
15471,Tycoon City: New York,PC,2006.0,Strategy,Atari,0.0,0.02,0.0,0.0,0.02
4697,Cool Boarders 2001,PS,2000.0,Sports,Sony Computer Entertainment,0.23,0.16,0.0,0.03,0.41
2134,NBA 2K10,X360,2009.0,Sports,Take-Two Interactive,0.88,0.02,0.0,0.08,0.97
11641,World Championship Poker: Deluxe Series,DS,2005.0,Misc,505 Games,0.07,0.0,0.0,0.01,0.08
14466,Atelier Shallie Plus: Alchemists of the Dusk Sea,PSV,2016.0,Role-Playing,Tecmo Koei,0.0,0.0,0.03,0.0,0.03
3914,SpongeBob SquarePants: Creature from the Krusty Krab,Wii,2006.0,Platform,THQ,0.45,0.02,0.0,0.04,0.51
1768,Kaboom!,2600,1980.0,Misc,Activision,1.07,0.07,0.0,0.01,1.15
9542,Green Lantern: Rise of the Manhunters,3DS,2011.0,Action,Warner Bros. Interactive Entertainment,0.09,0.03,0.0,0.01,0.13
13055,Secret Files: Tunguska,DS,2008.0,Adventure,Deep Silver,0.04,0.01,0.0,0.0,0.05
8392,State of Emergency,XB,2003.0,Action,Take-Two Interactive,0.13,0.04,0.0,0.01,0.17
14026,Ray Gigant,PSV,2015.0,Role-Playing,Namco Bandai Games,0.0,0.0,0.04,0.0,0.04
14650,Parfait,PSV,2015.0,Adventure,TGL,0.0,0.0,0.03,0.0,0.03
8818,Serious Sam,XB,2002.0,Shooter,Take-Two Interactive,0.11,0.03,0.0,0.01,0.15
102,Call of Duty: Black Ops 3,XOne,2015.0,Shooter,Activision,4.52,2.09,0.01,0.67,7.3
12983,Tsumiki: Block Drop Mania,DS,2007.0,Action,Nobilis,0.05,0.0,0.0,0.0,0.05
15049,Ceville,PC,2009.0,Action,Kalypso Media,0.0,0.02,0.0,0.0,0.02
483,Hitman 2: Silent Assassin,PS2,2002.0,Action,Eidos Interactive,1.36,1.15,0.04,0.41,2.96
1766,Ninja Gaiden Sigma,PS3,2007.0,Action,Eidos Interactive,0.57,0.33,0.09,0.16,1.15
13761,Infamous: First Light,PS4,2014.0,Action,Sony Computer Entertainment,0.0,0.03,0.0,0.01,0.04
4852,Rapala Pro Bass Fishing 2010,X360,2010.0,Sports,Activision,0.32,0.05,0.0,0.03,0.4
1884,Empire: Total War,PC,2009.0,Strategy,Sega,0.01,0.97,0.0,0.11,1.09
4197,Rise of Nightmares,X360,2011.0,Action,Sega,0.28,0.13,0.01,0.04,0.47
15949,Touhou Genso Rondo: Bullet Ballet,PS4,2016.0,Shooter,Nippon Ichi Software,0.01,0.0,0.0,0.0,0.02
160,Batman: Arkham City,PS3,2011.0,Action,Warner Bros. Interactive Entertainment,2.7,1.91,0.11,0.8,5.53
5806,Fate/Extra,PSP,2010.0,Role-Playing,Marvelous Interactive,0.18,0.01,0.1,0.02,0.31
2106,Cars,DS,2006.0,Racing,THQ,0.85,0.05,0.0,0.08,0.98
12477,Hagane no Renkinjutsushi - Fullmetal Alchemist: Yakusoku no Hi e,PSP,2010.0,Action,Namco Bandai Games,0.0,0.0,0.06,0.0,0.06
7232,Viewtiful Joe 2,GC,2004.0,Action,Capcom,0.17,0.04,0.0,0.01,0.22
12549,Create,PC,2010.0,Action,Electronic Arts,0.04,0.01,0.0,0.01,0.06
14027,Negima!? 3-Jikanme ~Koi to Mahou to Sekaiju Densetsu~,PS2,2006.0,Adventure,Konami Digital Entertainment,0.0,0.0,0.04,0.0,0.04
11725,SCORE International Baja 1000: The Official Game,PS3,2008.0,Racing,Activision,0.07,0.0,0.0,0.01,0.08
10116,WireWay,DS,2009.0,Adventure,Konami Digital Entertainment,0.1,0.0,0.0,0.01,0.11
3898,Madden NFL 2004,GC,2003.0,Sports,Electronic Arts,0.4,0.1,0.0,0.01,0.51
811,Kingdom Hearts: Birth by Sleep,PSP,2010.0,Role-Playing,Square Enix,0.63,0.42,0.75,0.26,2.07
4429,Spawn: Armageddon,PS2,2003.0,Action,Electronic Arts,0.22,0.17,0.0,0.06,0.44
14841,World War II Combat: Road To Berlin,XB,2006.0,Shooter,Groove Games,0.02,0.01,0.0,0.0,0.03
9858,Jikkyou Powerful Pro Yakyuu 8 Ketteiban,PS2,2001.0,Sports,Konami Digital Entertainment,0.0,0.0,0.12,0.0,0.12
12319,The Book of Unwritten Tales: The Critter Chronicles,PC,2011.0,Action,Crimson Cow,0.0,0.05,0.0,0.01,0.06
210,Pokemon Mystery Dungeon: Explorers of Time/Explorers of Darkness,DS,2007.0,Role-Playing,Nintendo,1.85,1.2,1.54,0.37,4.96
11875,Petz Fantasy 3D,3DS,2011.0,Simulation,Ubisoft,0.07,0.0,0.0,0.0,0.07
8143,Pirates: Hunt For Blackbeard's Booty,Wii,2008.0,Adventure,Activision,0.08,0.08,0.0,0.02,0.18
7565,Le Mans 24 Hours,PS2,2001.0,Racing,Infogrames,0.09,0.07,0.02,0.02,0.2
1996,ATV: Quad Power Racing,PS,2000.0,Racing,Acclaim Entertainment,0.58,0.39,0.0,0.07,1.04
5972,The Godfather: Dons Edition,PS3,2007.0,Action,Electronic Arts,0.25,0.02,0.0,0.03,0.29
2815,Full Spectrum Warrior,XB,2004.0,Strategy,THQ,0.54,0.16,0.0,0.03,0.73
9201,The Darkness II,PC,2012.0,Shooter,Take-Two Interactive,0.1,0.03,0.0,0.01,0.14
1510,Pitfall II: Lost Caverns,2600,1983.0,Platform,Activision,1.22,0.07,0.0,0.02,1.31
93,Star Wars Battlefront (2015),PS4,2015.0,Shooter,Electronic Arts,2.93,3.29,0.22,1.23,7.67
199,Grand Theft Auto: Vice City Stories,PSP,2006.0,Action,Take-Two Interactive,1.7,2.02,0.16,1.21,5.08
8970,Tom Clancy's Ghost Recon,GC,2003.0,Shooter,Ubisoft,0.11,0.03,0.0,0.0,0.15
12276,Bionicle,XB,2003.0,Action,Electronic Arts,0.05,0.01,0.0,0.0,0.06
4894,NASCAR Heat,PS,2000.0,Racing,Hasbro Interactive,0.22,0.15,0.0,0.03,0.39
1834,Mad Max (2015),PS4,2015.0,Action,Warner Bros. Interactive Entertainment,0.32,0.58,0.04,0.17,1.11
6981,Virtua Tennis 4,X360,2011.0,Sports,Sega,0.11,0.1,0.01,0.02,0.23
13727,Hanaoni: Yume no Tsudzuki,PSP,2012.0,Action,Idea Factory,0.0,0.0,0.04,0.0,0.04
15989,Sora no Otoshimono: DokiDoki Summer Vacation,PSP,2010.0,Adventure,Kadokawa Shoten,0.0,0.0,0.01,0.0,0.01
4714,Nicktoons: Unite!,PS2,2005.0,Adventure,THQ,0.34,0.01,0.0,0.06,0.41
4747,No More Heroes 2: Desperate Struggle,Wii,2010.0,Action,Rising Star Games,0.21,0.12,0.04,0.03,0.41
14102,Rebel Raiders: Operation Nighthawk,PS2,2006.0,Simulation,Kando Games,0.02,0.01,0.0,0.0,0.03
14500,N+,PSP,2007.0,Platform,Atari,0.03,0.0,0.0,0.0,0.03
538,Jak II,PS2,2003.0,Platform,Sony Computer Entertainment,1.68,0.74,0.0,0.36,2.78
16461,Katekyoo Hitman Reborn! Kindan no Yami no Delta,Wii,2008.0,Action,Marvelous Interactive,0.0,0.0,0.01,0.0,0.01
10298,The Lord of the Rings: Conquest,DS,2009.0,Action,Electronic Arts,0.09,0.01,0.0,0.01,0.11
10579,Project Hacker: Kakusei,DS,2006.0,Action,Nintendo,0.0,0.0,0.1,0.0,0.1
7581,NBA 2K2,XB,2002.0,Sports,Sega,0.15,0.04,0.0,0.01,0.2
2643,Battle Stations,PS,1997.0,Strategy,Electronic Arts,0.43,0.29,0.0,0.05,0.78
4068,Pac-Man World 2,XB,2002.0,Action,Namco Bandai Games,0.36,0.11,0.0,0.02,0.49
6242,Warpath: Jurassic Park,PS,1998.0,Fighting,Electronic Arts,0.15,0.1,0.0,0.02,0.28
7309,Digimon World Re:Digitize,PSP,2012.0,Action,Namco Bandai Games,0.0,0.0,0.22,0.0,0.22
4108,Wu-Tang: Shaolin Style,PS,1998.0,Fighting,Activision,0.27,0.18,0.0,0.03,0.48
14853,Shakugan no Shana,PS2,2006.0,Adventure,Media Works,0.0,0.0,0.03,0.0,0.03
11530,Tempest 3X,PS,1995.0,Shooter,Interplay,0.04,0.03,0.0,0.01,0.08
7733,Mana Khemia 2: Fall of Alchemy,PS2,2008.0,Role-Playing,Gust,0.07,0.05,0.05,0.02,0.2
8299,Resident Evil Director's Cut: Dual Shock Edition,PS,1997.0,Action,Capcom,0.0,0.0,0.16,0.01,0.17
7521,Sengoku Basara 2 Heroes,PS2,2007.0,Action,Capcom,0.0,0.0,0.2,0.0,0.2
15058,Castlevania: Lords of Shadow - Reverie,X360,2011.0,Action,Konami Digital Entertainment,0.02,0.0,0.0,0.0,0.02
87,Final Fantasy X,PS2,2001.0,Role-Playing,Sony Computer Entertainment,2.91,2.07,2.73,0.33,8.05
6096,Ratatouille: Food Frenzy,DS,2007.0,Puzzle,THQ,0.26,0.0,0.0,0.02,0.29
14189,Battle Assault 3 featuring Gundam Seed,PS2,2004.0,Action,Namco Bandai Games,0.02,0.01,0.0,0.0,0.03
6478,Bolt,PS2,2008.0,Adventure,Disney Interactive Studios,0.09,0.02,0.0,0.16,0.26
4830,NFL Quarterback Club 2000,N64,1999.0,Sports,Acclaim Entertainment,0.37,0.03,0.0,0.0,0.4
13504,Just Sing! Vol. 2,DS,2011.0,Misc,PQube,0.0,0.04,0.0,0.01,0.04
4693,MLB 10: The Show,PS2,2010.0,Sports,Sony Computer Entertainment,0.2,0.16,0.0,0.05,0.41
5949,Trace Memory,DS,2005.0,Adventure,Nintendo,0.15,0.01,0.12,0.01,0.3
9273,Football Manager 2014,PSV,2013.0,Sports,Sega,0.0,0.1,0.0,0.04,0.14
6045,Sonic Boom: Shattered Crystal,3DS,2014.0,Action,Sega,0.17,0.09,0.0,0.03,0.29
8109,Burnout Legends,DS,2005.0,Racing,Electronic Arts,0.15,0.02,0.0,0.01,0.18
1967,Cosmic Ark,2600,1981.0,Shooter,Imagic,0.99,0.05,0.0,0.01,1.05
5014,Marvel Nemesis: Rise of the Imperfects,GC,2005.0,Fighting,Electronic Arts,0.3,0.08,0.0,0.01,0.38
3681,Turok: Evolution,XB,2002.0,Shooter,Acclaim Entertainment,0.39,0.14,0.0,0.02,0.55
419,Madden NFL 16,PS4,2015.0,Sports,Electronic Arts,2.33,0.3,0.0,0.59,3.22
953,Kirby: Triple Deluxe,3DS,2014.0,Platform,Nintendo,0.61,0.34,0.79,0.09,1.82
3358,Jaws Unleashed,PS2,2006.0,Action,THQ,0.5,0.02,0.0,0.08,0.6
10029,Every Extend Extra,PSP,2006.0,Shooter,Disney Interactive Studios,0.1,0.01,0.0,0.01,0.11
14515,Konpeki no Kantai,SNES,1995.0,Strategy,Angel Studios,0.0,0.0,0.03,0.0,0.03
2443,Rampage World Tour,PS,1997.0,Action,GT Interactive,0.47,0.32,0.0,0.06,0.85
3776,Gex 3: Deep Cover Gecko,PS,1999.0,Platform,Eidos Interactive,0.3,0.2,0.0,0.03,0.53
15689,Machi-ing Maker 4,PS3,2011.0,Strategy,D3Publisher,0.0,0.0,0.02,0.0,0.02
12150,FIFA Soccer 06,GBA,2005.0,Sports,Electronic Arts,0.05,0.02,0.0,0.0,0.07
5344,F1 Race Stars,PS3,2012.0,Racing,Codemasters,0.06,0.21,0.0,0.08,0.35
4096,NFL Street 2,XB,2004.0,Sports,Electronic Arts,0.36,0.11,0.0,0.02,0.48
3245,Wild ARMs 3,PS2,2002.0,Role-Playing,Ubisoft,0.16,0.13,0.29,0.04,0.62
10230,Night at the Museum: Battle of the Smithsonian,X360,2009.0,Action,Majesco Entertainment,0.07,0.03,0.0,0.01,0.11
2357,WWE SmackDown vs. Raw 2011,X360,2010.0,Fighting,THQ,0.44,0.36,0.0,0.08,0.88
7427,Threads of Fate,PS,1999.0,Role-Playing,SquareSoft,0.12,0.08,0.0,0.01,0.21
5325,Enemy Territory: Quake Wars,PS3,2008.0,Shooter,Activision,0.23,0.07,0.0,0.04,0.35
874,Crash Nitro Kart,PS2,2003.0,Racing,Vivendi Games,0.74,1.01,0.0,0.2,1.95
9260,Major League Baseball 2K8,Wii,2008.0,Sports,Take-Two Interactive,0.13,0.0,0.0,0.01,0.14
3442,SpongeBob SquarePants featuring Nicktoons: Globs of Doom,PS2,2008.0,Action,THQ,0.29,0.22,0.0,0.07,0.58
2859,The Lord of the Rings: The Two Towers,XB,2002.0,Action,Electronic Arts,0.45,0.24,0.0,0.03,0.71
8915,Power Pro Kun Pocket 9,DS,2006.0,Sports,Konami Digital Entertainment,0.0,0.0,0.15,0.0,0.15
6440,ESPN NBA Basketball,XB,2003.0,Sports,Sega,0.2,0.06,0.0,0.01,0.27
8321,Fighter Maker,PS,1998.0,Fighting,Agetec,0.05,0.04,0.07,0.01,0.17
1614,2010 FIFA World Cup South Africa,PS3,2010.0,Sports,Electronic Arts,0.3,0.64,0.07,0.22,1.23
12071,Famicom Mini: Wrecking Crew,GBA,2004.0,Puzzle,Nintendo,0.0,0.0,0.07,0.0,0.07
7188,Bust-A-Move 4,PS,1998.0,Puzzle,Acclaim Entertainment,0.12,0.08,0.0,0.01,0.22
10799,Digimon Story: Super Xros Wars Blue/Red,DS,2011.0,Role-Playing,Namco Bandai Games,0.0,0.0,0.1,0.0,0.1
11164,Sotsugyou Crossworld,PS,1996.0,Simulation,Hearty Robin,0.0,0.0,0.08,0.01,0.09
11265,Beat Sketch!,PS3,2010.0,Misc,Sony Computer Entertainment,0.0,0.0,0.08,0.0,0.08
12029,Alpha and Omega,DS,2010.0,Action,Unknown,0.06,0.0,0.0,0.0,0.07
2829,Ultimate Spider-Man,PS2,2005.0,Action,Activision,0.6,0.02,0.0,0.1,0.72
7440,Shrek: Reekin' Havoc,GBA,2003.0,Platform,TDK Mediactive,0.15,0.06,0.0,0.0,0.21
3837,Syphon Filter 3,PS,2001.0,Shooter,Sony Computer Entertainment,0.29,0.2,0.0,0.03,0.52
14354,Dance Factory,PS2,2006.0,Action,Codemasters,0.02,0.01,0.0,0.0,0.03
4432,Plants vs. Zombies: Garden Warfare 2,XOne,2016.0,Shooter,Electronic Arts,0.26,0.15,0.0,0.04,0.44
14071,Astrology DS,DS,2009.0,Misc,Deep Silver,0.03,0.0,0.0,0.0,0.04
8289,MX World Tour Featuring Jamie Little,PS2,2005.0,Racing,Play It,0.08,0.07,0.0,0.02,0.17
840,Just Dance 3,X360,2011.0,Misc,Ubisoft,1.47,0.4,0.0,0.16,2.03
7367,Prison Break: The Conspiracy,X360,2010.0,Action,Deep Silver,0.07,0.12,0.0,0.02,0.21
7769,J-League Jikkyou Winning Eleven 3,PS,1997.0,Sports,Konami Digital Entertainment,0.0,0.0,0.18,0.01,0.19
3501,NFL Blitz 2000,N64,1999.0,Sports,Midway Games,0.55,0.02,0.0,0.0,0.58
7547,Deal or No Deal: The Banker is Back!,DS,2008.0,Misc,Mindscape,0.0,0.2,0.0,0.0,0.2
3544,FIFA World Cup Germany 2006,PS2,2006.0,Sports,Electronic Arts,0.47,0.02,0.0,0.08,0.57
16177,We Sing 80s,Wii,2012.0,Misc,Nordic Games,0.0,0.01,0.0,0.0,0.01
6932,Nintendo Presents: Crossword Collection,DS,2009.0,Puzzle,Nintendo,0.0,0.21,0.0,0.02,0.24
7656,Grandia II,DC,2000.0,Role-Playing,Ubisoft,0.0,0.0,0.2,0.0,0.2
6157,Mega Man: Dr. Wily's Revenge,GB,1991.0,Platform,Nintendo,0.0,0.0,0.28,0.0,0.28
16059,Sangoku Koi Senki: Otome no Heihou!,PS2,2011.0,Adventure,Prototype,0.0,0.0,0.01,0.0,0.01
12530,Foster's Home for Imaginary Friends: Imagination Invaders,DS,2007.0,Adventure,Midway Games,0.06,0.0,0.0,0.0,0.06
6216,iCarly 2: iJoin The Click!,DS,2010.0,Adventure,Activision,0.26,0.01,0.0,0.02,0.28
9553,LEGO Racers 2,PS2,2001.0,Racing,Electronic Arts,0.06,0.05,0.0,0.02,0.13
9376,Peter Jackson's King Kong: The Official Game of the Movie,DS,2005.0,Action,Ubisoft,0.12,0.0,0.0,0.01,0.13
13653,Digimon Rumble Arena 2,GC,2004.0,Fighting,Atari,0.03,0.01,0.0,0.0,0.04
7582,X2: Wolverine's Revenge,GBA,2003.0,Platform,Activision,0.14,0.05,0.0,0.0,0.2
14884,Wand of Fortune 2 FD: Kimi ni Sasageru Epilogue,PSP,2012.0,Adventure,Idea Factory,0.0,0.0,0.03,0.0,0.03
2997,Cars: Mater-National Championship,DS,2007.0,Racing,THQ,0.63,0.01,0.0,0.05,0.68
6349,Call of Juarez: The Cartel,X360,2011.0,Shooter,Ubisoft,0.14,0.11,0.0,0.03,0.27
7697,Backyard Hockey,GBA,2003.0,Sports,Atari,0.14,0.05,0.0,0.0,0.2
1703,NBA 2K17,PS4,2016.0,Sports,Take-Two Interactive,0.83,0.14,0.0,0.22,1.19
541,Tekken 6,PS3,2009.0,Fighting,Namco Bandai Games,1.2,0.98,0.17,0.43,2.78
7095,Bratz: Girlz Really Rock,PS2,2008.0,Action,THQ,0.11,0.09,0.0,0.03,0.23
13451,Bad Boys: Miami Takedown,GC,2004.0,Shooter,Empire Interactive,0.03,0.01,0.0,0.0,0.05
1540,Champions of Norrath,PS2,2004.0,Role-Playing,Sony Online Entertainment,0.63,0.49,0.0,0.16,1.28
9794,The King of Fighters Collection: The Orochi Saga,Wii,2008.0,Fighting,Ignition Entertainment,0.11,0.0,0.0,0.01,0.12
11500,AKB1/149: Love Election,PS3,2013.0,Adventure,Namco Bandai Games,0.0,0.0,0.08,0.0,0.08
7274,NBA 06,PSP,2005.0,Sports,Sony Computer Entertainment,0.2,0.0,0.0,0.02,0.22
8928,Harvest Moon: Hero of Leaf Valley,PSP,2009.0,Simulation,Rising Star Games,0.07,0.02,0.05,0.02,0.15
8238,Lost in Blue 3,DS,2007.0,Adventure,Konami Digital Entertainment,0.09,0.02,0.06,0.01,0.17
11255,NCAA Football 08,XB,2007.0,Sports,Electronic Arts,0.06,0.02,0.0,0.0,0.08
6240,My Japanese Coach,DS,2008.0,Misc,Ubisoft,0.25,0.0,0.0,0.02,0.28
2421,Madden Football 64,N64,1997.0,Sports,Electronic Arts,0.81,0.04,0.0,0.01,0.86
1596,Lara Croft Tomb Raider: The Angel of Darkness,PS2,2003.0,Action,Eidos Interactive,0.61,0.48,0.0,0.16,1.25
15940,Oyaku de Asoberu DS Ehon: Ukkari Penelope,DS,2008.0,Simulation,Tecmo Koei,0.0,0.0,0.02,0.0,0.02
2265,Lego Batman 3: Beyond Gotham,PS4,2014.0,Action,Warner Bros. Interactive Entertainment,0.37,0.39,0.0,0.15,0.92
12958,Pachinko Wars II,SNES,1993.0,Misc,Coconuts Japan,0.0,0.0,0.05,0.0,0.05
14425,Kekkaishi: Kokubourou Shuurai,DS,2008.0,Action,Namco Bandai Games,0.0,0.0,0.03,0.0,0.03
1329,Namco Museum 64,N64,1999.0,Misc,Namco Bandai Games,1.24,0.17,0.03,0.01,1.45
13484,Bionicle Heroes,Wii,2007.0,Shooter,Eidos Interactive,0.04,0.0,0.0,0.0,0.04
1724,Ty the Tasmanian Tiger,PS2,2002.0,Platform,Electronic Arts,0.57,0.45,0.0,0.15,1.17
10552,Draglade,DS,2007.0,Fighting,505 Games,0.09,0.0,0.0,0.01,0.1
10229,BlazBlue: Calamity Trigger Portable,PSP,2010.0,Fighting,PQube,0.07,0.01,0.03,0.01,0.11
9181,Detective Barbie: The Mystery Cruise,PS,1999.0,Adventure,Mattel Interactive,0.08,0.05,0.0,0.01,0.14
1257,NFL Blitz,PS,1998.0,Sports,Midway Games,1.41,0.05,0.0,0.04,1.5
13114,All Star Tennis 99,N64,1999.0,Sports,Ubisoft,0.04,0.01,0.0,0.0,0.05
4967,Tiger Woods PGA Tour 08,PS2,2007.0,Sports,Electronic Arts,0.19,0.15,0.0,0.05,0.39
11659,Katekyoo Hitman Reborn! DS: Flame Rumble Kaien Ring Soudatsuen!,DS,2007.0,Fighting,Takara Tomy,0.0,0.0,0.08,0.0,0.08
15179,Eureka Seven Vol. 2: The New Vision,PS2,2006.0,Shooter,Namco Bandai Games,0.0,0.0,0.02,0.0,0.02
7286,Pass the Pigs,DS,2008.0,Misc,THQ,0.2,0.0,0.0,0.02,0.22
3443,The Conduit,Wii,2009.0,Shooter,Sega,0.29,0.23,0.0,0.06,0.58
2045,God of War: Ghost of Sparta,PSP,2010.0,Action,Sony Computer Entertainment,0.41,0.36,0.03,0.21,1.01
4317,Barbie as The Island Princess,Wii,2007.0,Adventure,Activision,0.42,0.0,0.0,0.03,0.45
10196,Yoostar2,PS3,2011.0,Misc,Unknown,0.04,0.05,0.0,0.02,0.11
13034,Plants vs. Zombies,PC,2009.0,Strategy,PopCap Games,0.0,0.04,0.0,0.01,0.05
11733,MTV Music Generator 3: This Is the Remix,XB,2004.0,Misc,Codemasters,0.06,0.02,0.0,0.0,0.08
14455,Peak Performance,PS,1997.0,Racing,JVC,0.02,0.01,0.0,0.0,0.03
9508,Green Lantern: Rise of the Manhunters,X360,2011.0,Action,Warner Bros. Interactive Entertainment,0.07,0.05,0.0,0.01,0.13
10256,NHL Rivals 2004,XB,2003.0,Sports,Microsoft Game Studios,0.08,0.02,0.0,0.0,0.11
16319,Daiya no Kuni no Alice: Wonderful Mirror World,PSP,2013.0,Adventure,Quinrose,0.0,0.0,0.01,0.0,0.01
920,High School Musical: Sing It!,PS2,2007.0,Misc,Disney Interactive Studios,0.47,0.08,0.0,1.33,1.87
6600,TOCA Race Driver 2: Ultimate Racing Simulator,PSP,2005.0,Racing,Codemasters,0.0,0.25,0.0,0.0,0.26
7694,Looney Tunes: Space Race,PS2,2002.0,Racing,Infogrames,0.1,0.08,0.0,0.03,0.2
58,Super Mario All-Stars,SNES,1993.0,Platform,Nintendo,5.99,2.15,2.12,0.29,10.55
3515,Tales of the Abyss,PS2,2005.0,Role-Playing,Namco Bandai Games,0.0,0.0,0.57,0.0,0.57
11477,Bust-A-Move 2 Arcade Edition,N64,1997.0,Puzzle,Acclaim Entertainment,0.06,0.02,0.0,0.0,0.08
13493,Sekai no Gohan Shaberu! DS Oryouri Navi,DS,2008.0,Misc,Nintendo,0.0,0.0,0.04,0.0,0.04
1632,Fallout 4,PC,2015.0,Role-Playing,Bethesda Softworks,0.5,0.63,0.0,0.1,1.23
16052,Abunai: Koi no Sousa Shitsu,PSP,2012.0,Action,Quinrose,0.0,0.0,0.01,0.0,0.01
5566,Fireball,2600,1981.0,Action,Starpath Corp.,0.3,0.02,0.0,0.0,0.33
6590,Mario & Sonic at the Rio 2016 Olympic Games,WiiU,2016.0,Action,Nintendo,0.03,0.11,0.1,0.01,0.26
6174,Army of Two: The Devil's Cartel,PS3,2013.0,Shooter,Electronic Arts,0.11,0.11,0.01,0.05,0.28
8541,Beowulf: The Game,PS3,2007.0,Action,Ubisoft,0.14,0.01,0.0,0.01,0.16
16209,Who Wants to be a Millionaire: 2nd Edition,DS,2008.0,Misc,Ubisoft,0.0,0.01,0.0,0.0,0.01
12213,MotorStorm RC,PSV,2012.0,Racing,Sony Computer Entertainment,0.0,0.05,0.0,0.02,0.07
1672,Just Dance 2016,Wii,2015.0,Misc,Ubisoft,0.52,0.59,0.0,0.1,1.2
4130,FlingSmash,Wii,2010.0,Action,Nintendo,0.38,0.01,0.07,0.02,0.48
4055,WipEout Pulse,PS2,2009.0,Racing,Sony Computer Entertainment,0.0,0.15,0.0,0.33,0.49
8300,The Lord of the Rings: Aragorn's Quest,PS3,2010.0,Action,Warner Bros. Interactive Entertainment,0.1,0.04,0.0,0.02,0.17
11237,Petz: Saddle Club,PSP,2009.0,Simulation,Ubisoft,0.08,0.0,0.0,0.01,0.09
7692,Resident Evil: Revelations,WiiU,2013.0,Action,Capcom,0.07,0.08,0.03,0.01,0.2
441,FIFA Soccer 08,PS2,2007.0,Sports,Electronic Arts,0.68,0.0,0.0,2.46,3.14
8187,Brunswick Cosmic Bowling,Wii,2010.0,Sports,GameMill Entertainment,0.17,0.0,0.0,0.01,0.18
14125,Apache: Air Assault,PC,2010.0,Simulation,Just Flight,0.0,0.03,0.0,0.01,0.03
5653,Tetris 2 + Bombliss,NES,1991.0,Puzzle,BPS,0.0,0.0,0.32,0.0,0.32
14790,Hermie Hopperhead: Scrap Panic,PS,1995.0,Platform,Sony Computer Entertainment,0.0,0.0,0.02,0.0,0.03
6184,Shrek: Ogres & Dronkeys,DS,2007.0,Simulation,Activision,0.26,0.0,0.0,0.02,0.28
5964,Mini Ninjas,X360,2009.0,Action,Eidos Interactive,0.12,0.14,0.0,0.03,0.29
7782,Space Invaders Extreme 2,DS,2009.0,Shooter,Square Enix,0.17,0.01,0.0,0.01,0.19
12244,Walt Disney Pictures Presents Enchanted,DS,2007.0,Platform,Disney Interactive Studios,0.04,0.01,0.0,0.01,0.07
9783,The God of War Trilogy,PS3,2010.0,Action,Sony Computer Entertainment,0.0,0.07,0.03,0.02,0.12
3073,Street Fighter Anniversary Collection,PS2,2004.0,Fighting,Capcom,0.32,0.25,0.0,0.08,0.66
10285,Digimon Story: Cyber Sleuth,PS4,2016.0,Role-Playing,Namco Bandai Games,0.0,0.09,0.0,0.02,0.11
3153,X2: Wolverine's Revenge,PS2,2003.0,Platform,Activision,0.31,0.24,0.0,0.08,0.64
6236,FIFA Soccer 07,X360,2006.0,Sports,Electronic Arts,0.24,0.01,0.0,0.02,0.28
3696,Gekikuukan Pro Yakyuu: At the End of the Century 1999,PS2,2000.0,Sports,SquareSoft,0.0,0.0,0.54,0.0,0.54
15971,IGT Slots: Lucky Larry's Lobstermania,PC,2011.0,Simulation,Masque Publishing,0.01,0.0,0.0,0.0,0.02
4445,LEGO Star Wars II: The Original Trilogy,XB,2006.0,Action,LucasArts,0.33,0.1,0.0,0.02,0.44
9467,Disney Princess: Enchanting Storybooks,DS,2011.0,Misc,THQ,0.08,0.04,0.0,0.01,0.13
8903,Charm Girls Club: Pajama Party,Wii,2009.0,Misc,Electronic Arts,0.14,0.0,0.0,0.01,0.15
11059,Go Play: City Sports,Wii,2009.0,Sports,Majesco Entertainment,0.08,0.0,0.0,0.01,0.09
11295,The Spiderwick Chronicles,DS,2008.0,Action,Vivendi Games,0.08,0.0,0.0,0.01,0.08
1684,PokéPark Wii: Pikachu's Adventure,Wii,2009.0,Adventure,Nintendo,0.55,0.17,0.42,0.06,1.2
7767,Dinotopia: The Timestone Pirates,GBA,2002.0,Action,TDK Core,0.14,0.05,0.0,0.0,0.19
2325,The Biggest Loser: Ultimate Workout,X360,2010.0,Sports,THQ,0.73,0.1,0.0,0.06,0.9
595,Ghostbusters: The Video Game (DS Version),X360,2009.0,Action,Take-Two Interactive,1.04,1.24,0.03,0.27,2.58
9467,Disney Princess: Enchanting Storybooks,DS,2011.0,Misc,THQ,0.08,0.04,0.0,0.01,0.13
7150,Deadly Duck,2600,1981.0,Shooter,20th Century Fox Video Games,0.21,0.01,0.0,0.0,0.22
6988,Asphalt: Injection,PSV,2011.0,Action,Ubisoft,0.14,0.06,0.0,0.04,0.23
1292,Fight Night Round 3,X360,2006.0,Fighting,Electronic Arts,1.33,0.03,0.01,0.1,1.47
13297,ESPN Great Outdoor Games Bass 2002,GBA,2001.0,Sports,Konami Digital Entertainment,0.03,0.01,0.0,0.0,0.05
16545,Mario & Luigi: Paper Jam & Mario Kart 7 Double Pack,3DS,2015.0,Misc,Nintendo,0.0,0.0,0.01,0.0,0.01
4703,"Transformers: Revenge of the Fallen (XBox 360, PS3, & PC Versions)",PSP,2009.0,Shooter,Activision,0.17,0.15,0.0,0.09,0.41
3834,The Golden Compass,PS2,2007.0,Action,Sega,0.13,0.0,0.0,0.39,0.52
11146,The Ant Bully,Wii,2006.0,Platform,Midway Games,0.08,0.0,0.0,0.01,0.09
15076,Falcon 4.0: Allied Force,PC,2005.0,Simulation,Graphsim Entertainment,0.0,0.02,0.0,0.0,0.02
16506,Shinigami to Shoujo,PSP,2011.0,Adventure,Takuyo,0.0,0.0,0.01,0.0,0.01
9567,Brothers in Arms: Double Time,Wii,2008.0,Shooter,Ubisoft,0.11,0.0,0.0,0.01,0.13
7013,Rock Band Country Track Pack,X360,2009.0,Misc,MTV Games,0.22,0.0,0.0,0.02,0.23
2625,FIFA Soccer 2004,XB,2003.0,Sports,Electronic Arts,0.24,0.49,0.0,0.05,0.79
4429,Spawn: Armageddon,PS2,2003.0,Action,Electronic Arts,0.22,0.17,0.0,0.06,0.44
1306,Homefront,X360,2011.0,Shooter,THQ,0.83,0.48,0.02,0.12,1.46
3303,Cabela's Monster Buck Hunter,Wii,2010.0,Sports,Activision,0.58,0.0,0.0,0.03,0.61
10600,Sudoku Mania,DS,2006.0,Puzzle,Zoo Digital Publishing,0.09,0.0,0.0,0.01,0.1
4098,Millipede,2600,1983.0,Shooter,Atari,0.45,0.03,0.0,0.01,0.48
12478,Batman: Rise of Sin Tzu,GC,2003.0,Action,Ubisoft,0.05,0.01,0.0,0.0,0.06
4502,Spec Ops: Covert Assault,PS,2001.0,Shooter,Take-Two Interactive,0.24,0.16,0.0,0.03,0.43
5143,NFL Street 2 Unleashed,PSP,2005.0,Sports,Electronic Arts,0.34,0.0,0.0,0.03,0.37
10893,The Crew: Wild Run,PS4,2015.0,Action,Ubisoft,0.0,0.08,0.0,0.01,0.09
8286,Psi-Ops: The Mindgate Conspiracy,XB,2004.0,Shooter,Midway Games,0.13,0.04,0.0,0.01,0.17
11814,Hang On GP,SAT,1995.0,Racing,Sega,0.0,0.0,0.07,0.0,0.07
6231,SimCity 2000,SAT,1994.0,Simulation,Sega,0.0,0.0,0.28,0.0,0.28
170,Final Fantasy XIII,PS3,2009.0,Role-Playing,Square Enix,1.74,1.24,1.87,0.52,5.36
6441,Gallop Racer 2: One and Only Road to Victory,PS,1997.0,Sports,Tecmo Koei,0.0,0.0,0.25,0.02,0.27
3193,Sim Theme Park,PS,1999.0,Strategy,Electronic Arts,0.35,0.24,0.0,0.04,0.63
4841,Mafia II,PC,2010.0,Action,Take-Two Interactive,0.17,0.17,0.0,0.06,0.4
14723,Negima!? Dream Tactic Yumemiru Otome Princess,PS2,2007.0,Strategy,Konami Digital Entertainment,0.0,0.0,0.03,0.0,0.03
15024,Penguins of Madagascar,Wii,2014.0,Action,Namco Bandai Games,0.0,0.02,0.0,0.0,0.02
10271,The Scorpion King: Rise of the Akkadian,GC,2002.0,Action,Universal Interactive,0.08,0.02,0.0,0.0,0.11
3937,Dragon Ball Z: Supersonic Warriors,GBA,2004.0,Fighting,Atari,0.36,0.13,0.0,0.01,0.51
2792,Sword of Mana,GBA,2003.0,Role-Playing,Nintendo,0.31,0.11,0.3,0.02,0.74
4710,BlazBlue: Continuum Shift,PS3,2010.0,Fighting,PQube,0.21,0.08,0.09,0.04,0.41
15102,Daito Giken Koushiki Pachi-Slot Simulator: Hihouden - Fuujirareta Megami Portable,PSP,2011.0,Misc,Paon,0.0,0.0,0.02,0.0,0.02
12141,Challenge Me: Brain Puzzles 2,Wii,2010.0,Puzzle,O-Games,0.0,0.06,0.0,0.01,0.07
4761,Littlest Pet Shop,Wii,2008.0,Simulation,Electronic Arts,0.34,0.04,0.0,0.03,0.41
14192,Batman Forever: The Arcade Game,PS,1996.0,Action,Acclaim Entertainment,0.02,0.01,0.0,0.0,0.03
3709,LEGO Dimensions,PS3,2015.0,Action,Warner Bros. Interactive Entertainment,0.15,0.3,0.0,0.09,0.54
4276,Bleach: The Blade of Fate,DS,2006.0,Fighting,Sega,0.3,0.01,0.12,0.03,0.46
14914,Senjou no Waltz,PSV,2014.0,Adventure,Idea Factory,0.0,0.0,0.02,0.0,0.02
7080,Tales of VS.,PSP,2009.0,Fighting,Namco Bandai Games,0.0,0.0,0.23,0.0,0.23
14193,Romance of the Three Kingdoms (3DS),3DS,2013.0,Strategy,Tecmo Koei,0.0,0.0,0.03,0.0,0.03
9142,Gretzky NHL 06,PS2,2005.0,Sports,Sony Computer Entertainment,0.07,0.05,0.0,0.02,0.14
8334,Bratz Kidz,Wii,2008.0,Misc,Game Factory,0.16,0.0,0.0,0.01,0.17
14896,R-Type Delta,PS,1998.0,Shooter,Irem Software Engineering,0.01,0.01,0.0,0.0,0.03
16262,Simple DS Series Vol. 41: The Bakudan Shori-Han,DS,2008.0,Action,D3Publisher,0.0,0.0,0.01,0.0,0.01
8104,Gauntlet: Dark Legacy,GC,2002.0,Action,Midway Games,0.14,0.04,0.0,0.0,0.18
5364,Skylanders: Trap Team,XOne,2014.0,Action,Activision,0.25,0.07,0.0,0.03,0.34
12538,Cabela's Dangerous Hunts: Ultimate Challenge,PSP,2006.0,Sports,Activision Value,0.06,0.0,0.0,0.0,0.06
7353,Yu Yu Hakusho: Dark Tournament,PS2,2006.0788990825688,Fighting,Nothing,0.1,0.08,0.0,0.03,0.21
6821,Corvette,XB,2003.0,Racing,TDK Mediactive,0.18,0.05,0.0,0.01,0.24
5796,The King of Fighters XIII,PS3,2011.0,Fighting,Rising Star Games,0.17,0.07,0.04,0.03,0.31
8003,Dance Dance Revolution: Disney Grooves,Wii,2009.0,Simulation,Konami Digital Entertainment,0.17,0.0,0.0,0.01,0.18
4111,OkamiDen,DS,2010.0,Adventure,Capcom,0.25,0.07,0.13,0.03,0.48
4303,Top Spin,XB,2003.0,Sports,Microsoft Game Studios,0.36,0.08,0.0,0.02,0.46
9162,The Operative: No One Lives Forever,PS2,2002.0,Shooter,Electronic Arts,0.07,0.05,0.0,0.02,0.14
13352,Crusader: No Remorse,PS,1996.0,Adventure,Electronic Arts,0.03,0.02,0.0,0.0,0.05
2546,Final Fantasy Type-0,PSP,2011.0,Role-Playing,Unknown,0.0,0.0,0.81,0.0,0.81
12475,Crazy Chicken Tales,Wii,2009.0,Action,Conspiracy Entertainment,0.06,0.0,0.0,0.0,0.06
3768,SpongeBob SquarePants: Game Boy Advance Video Volume 2,GBA,2004.0,Misc,Nothing,0.38,0.14,0.0,0.01,0.53
4649,Castlevania: Curse of Darkness,PS2,2005.0,Action,Konami Digital Entertainment,0.18,0.14,0.05,0.05,0.42
14533,Need for Speed (2015),PC,2016.0,Racing,Electronic Arts,0.0,0.03,0.0,0.0,0.03
8431,25 to Life,XB,2006.0,Shooter,Eidos Interactive,0.12,0.04,0.0,0.01,0.17
10284,Ty the Tasmanian Tiger 2: Bush Rescue,XB,2004.0,Platform,Electronic Arts,0.08,0.02,0.0,0.0,0.11
16212,Freekstyle,GBA,2003.0,Racing,Zoo Digital Publishing,0.01,0.0,0.0,0.0,0.01
10910,Generator Rex: Agent of Providence,Wii,2011.0,Action,Activision,0.07,0.01,0.0,0.01,0.09
5206,Jurassic Park,NES,1993.0,Action,Ocean,0.25,0.1,0.0,0.01,0.36
13751,Meteos: Disney Magic,DS,2007.0,Puzzle,Disney Interactive Studios,0.01,0.02,0.0,0.0,0.04
11759,Medabots 8,3DS,2014.0,Role-Playing,Rocket Company,0.0,0.0,0.07,0.0,0.07
11117,Wacky World of Sports,Wii,2009.0,Sports,Sega,0.08,0.0,0.0,0.01,0.09
13163,Tokimeki Memorial Girl's Side 2nd Kiss,PS2,2006.0,Adventure,Konami Digital Entertainment,0.0,0.0,0.05,0.0,0.05
10477,Yu-Gi-Oh! 5D's Wheelie Breakers,Wii,2009.0,Racing,Konami Digital Entertainment,0.09,0.01,0.0,0.01,0.1
4589,Top Spin 4,X360,2011.0,Sports,Take-Two Interactive,0.15,0.23,0.0,0.04,0.42
3978,Rugrats in Paris: The Movie,N64,2000.0,Action,THQ,0.4,0.09,0.0,0.01,0.5
5191,MechWarrior 2: 31st Century Combat,PS,1997.0,Simulation,Activision,0.2,0.14,0.0,0.02,0.36
10074,Fatal Frame: Maiden of Black Water,WiiU,2014.0,Action,Nintendo,0.0,0.03,0.08,0.0,0.11
228,The Lord of the Rings: The Two Towers,PS2,2002.0,Action,Electronic Arts,1.94,1.95,0.08,0.7,4.67
1920,Doko Demo Issyo,PS,1999.0,Misc,Sony Computer Entertainment,0.0,0.0,1.0,0.07,1.07
6124,Shadow Hearts,PS2,2001.0,Role-Playing,Midway Games,0.09,0.07,0.1,0.02,0.28
11226,FIFA 12,PS2,2011.0,Sports,Electronic Arts,0.0,0.02,0.0,0.06,0.09
4449,Gundam SEED: Federation vs. Z.A.F.T.,PS2,2005.0,Shooter,Namco Bandai Games,0.0,0.0,0.44,0.0,0.44
6931,TrackMania: Build to Race,Wii,2010.0,Racing,Focus Home Interactive,0.1,0.11,0.0,0.03,0.24
3676,Rune Factory 4,3DS,2012.0,Role-Playing,Xseed Games,0.31,0.0,0.21,0.03,0.55
16249,Agarest Senki: Re-appearance,PS3,2006.0788990825688,Role-Playing,Idea Factory,0.0,0.0,0.01,0.0,0.01
3193,Sim Theme Park,PS,1999.0,Strategy,Electronic Arts,0.35,0.24,0.0,0.04,0.63
12367,Legend of Kay,DS,2010.0,Action,JoWood Productions,0.06,0.0,0.0,0.0,0.06
7737,DiRT Showdown,PS3,2012.0,Racing,Codemasters,0.02,0.13,0.0,0.04,0.19
8771,The Terminator: Dawn of Fate,XB,2002.0,Action,Atari,0.11,0.03,0.0,0.01,0.15
1713,Tony Hawk's Pro Skater 2,GBA,2001.0,Sports,Activision,0.85,0.31,0.0,0.02,1.18
7461,Evil Dead: Regeneration,PS2,2005.0,Action,THQ,0.1,0.08,0.0,0.03,0.21
2479,Ben 10: Protector of Earth,PS2,2007.0,Action,D3Publisher,0.09,0.0,0.0,0.74,0.84
12480,Winter Sports 2: The Next Challenge,DS,2008.0,Sports,RTL,0.04,0.02,0.0,0.01,0.06
1176,Guitar Hero 5,Wii,2009.0,Misc,Activision,0.94,0.49,0.0,0.15,1.58
15534,Natsuiro High School: Seishun Hakusho,PS3,2015.0,Action,D3Publisher,0.0,0.0,0.02,0.0,0.02
4769,Jikkyou Powerful Pro Yakuu '94,SNES,1994.0,Sports,Konami Digital Entertainment,0.0,0.0,0.41,0.0,0.41
15340,Shonen Jump's Shaman King: Master of Spirits 2,GBA,2005.0,Role-Playing,Konami Digital Entertainment,0.01,0.01,0.0,0.0,0.02
10631,L'Aigle de Guerre,GBA,2001.0,Strategy,Nintendo,0.0,0.0,0.1,0.0,0.1
14682,Schlag den Raab,PC,2010.0,Misc,Namco Bandai Games,0.0,0.02,0.0,0.01,0.03
6799,Britney's Dance Beat,PS2,2002.0,Misc,THQ,0.12,0.09,0.0,0.03,0.24
13129,DiRT 2,PC,2009.0,Racing,Codemasters,0.0,0.04,0.0,0.01,0.05
15404,ESPN MLS ExtraTime 2002,GC,2002.0,Sports,Konami Digital Entertainment,0.02,0.0,0.0,0.0,0.02
14696,Biohazard: Revival Selection,X360,2011.0,Action,Capcom,0.0,0.0,0.03,0.0,0.03
7037,Tribes: Aerial Assault,PS2,2006.0788990825688,Shooter,Unknown,0.11,0.09,0.0,0.03,0.23
11030,Agatha Christie: Evil Under the Sun,Wii,2008.0,Adventure,The Adventure Company,0.07,0.02,0.0,0.01,0.09
2261,Balloon Fight,NES,1985.0,Platform,Nintendo,0.39,0.09,0.43,0.01,0.92
6190,Dead or Alive,PS,1998.0,Fighting,Sony Computer Entertainment,0.09,0.06,0.1,0.02,0.28
5499,Madden NFL 09,DS,2008.0,Sports,Electronic Arts,0.3,0.0,0.0,0.03,0.33
6027,Xena: Warrior Princess - The Talisman of Fate,N64,1999.0,Fighting,Titus,0.23,0.06,0.0,0.0,0.29
6606,Doukyuusei if,SAT,1996.0,Role-Playing,NEC,0.0,0.0,0.26,0.0,0.26
317,Flash Focus: Vision Training in Minutes a Day,DS,2007.0,Misc,Nintendo,0.87,1.57,1.05,0.35,3.84
778,NBA 2K12,PS3,2011.0,Sports,Take-Two Interactive,1.61,0.27,0.05,0.18,2.11
10550,Creeper World 3: Arc Eternal,Wii,2009.0,Strategy,Namco Bandai Games,0.0,0.0,0.1,0.0,0.1
11315,Kidou Senshi Gundam 00,DS,2008.0,Action,Namco Bandai Games,0.0,0.0,0.08,0.0,0.08
14926,Room Zoom: Race for Impact,XB,2004.0,Racing,Jaleco,0.02,0.01,0.0,0.0,0.02
15806,Kimi ni Todoke: Sodateru Omoi,DS,2009.0,Adventure,Banpresto,0.0,0.0,0.02,0.0,0.02
182,Diablo III,PC,2012.0,Role-Playing,Activision,2.43,2.15,0.0,0.62,5.2
3865,The Punisher,PS2,2005.0,Action,THQ,0.25,0.2,0.0,0.07,0.52
16360,Mario vs. Donkey Kong: Tipping Stars,WiiU,2015.0,Puzzle,Nintendo,0.0,0.0,0.01,0.0,0.01
2710,Syphon Filter: The Omega Strain,PS2,2004.0,Shooter,Sony Computer Entertainment,0.37,0.29,0.0,0.1,0.76
1060,NBA 2K15,XOne,2014.0,Sports,Take-Two Interactive,1.36,0.18,0.0,0.15,1.69
10731,Championship Pony,DS,2008.0,Simulation,"Destination Software, Inc",0.09,0.0,0.0,0.01,0.1
7695,Puzzle Challenge: Crosswords and More!,PSP,2006.0,Puzzle,Crave Entertainment,0.18,0.0,0.0,0.01,0.2
3054,NFL Street,XB,2004.0,Sports,Electronic Arts,0.49,0.15,0.0,0.02,0.66
6035,Jewel Quest Mysteries: Curse of the Emerald Tear,DS,2010.0,Puzzle,Avanquest,0.0,0.25,0.0,0.04,0.29
177,Assassin's Creed II,X360,2009.0,Action,Ubisoft,3.1,1.56,0.08,0.51,5.27
11800,Smashing Drive,GC,2006.0788990825688,Racing,Unknown,0.06,0.01,0.0,0.0,0.07
8512,Kamaitachi no Yoru × 3,PS2,2006.0,Adventure,Sega,0.0,0.0,0.16,0.0,0.16
15073,La Corda d'Oro 4,PSV,2016.0,Action,Tecmo Koei,0.0,0.0,0.02,0.0,0.02
7300,Shrek SuperSlam,GC,2005.0,Action,Activision,0.17,0.04,0.0,0.01,0.22
6025,Viz,N64,1998.0,Racing,Acclaim Entertainment,0.23,0.06,0.0,0.0,0.29
10577,Minority Report: Everybody Runs,GC,2002.0,Action,Activision,0.08,0.02,0.0,0.0,0.1
6441,Gallop Racer 2: One and Only Road to Victory,PS,1997.0,Sports,Tecmo Koei,0.0,0.0,0.25,0.02,0.27
658,Guitar Hero,PS2,2005.0,Misc,RedOctane,1.67,0.61,0.03,0.07,2.38
12162,Jewels of the Ages,DS,2011.0,Puzzle,City Interactive,0.03,0.03,0.0,0.01,0.07
8360,Gyakuten Saiban 3,GBA,2004.0,Adventure,Capcom,0.0,0.0,0.16,0.0,0.17
1531,Resident Evil Zero,GC,2002.0,Action,Capcom,0.54,0.27,0.45,0.04,1.29
3143,Test Drive Unlimited 2,PS3,2006.0788990825688,Racing,Atari,0.16,0.35,0.01,0.12,0.64
15966,Ship Simulator 2008,PC,2007.0,Simulation,Lighthouse Interactive,0.0,0.01,0.0,0.0,0.02
15034,Cities XL 2011,PC,2010.0,Simulation,Focus Home Interactive,0.0,0.02,0.0,0.0,0.02
1562,Hogan's Alley,NES,1984.0,Shooter,Nintendo,0.68,0.16,0.41,0.02,1.27
11484,The Witch and the Hundred Knight,PS4,2015.0,Role-Playing,Nippon Ichi Software,0.02,0.01,0.05,0.01,0.08
9619,7th Dragon 2020-II,PSP,2013.0,Role-Playing,Sega,0.0,0.0,0.13,0.0,0.13
600,Dragon Age: Origins,X360,2009.0,Role-Playing,Electronic Arts,1.76,0.56,0.03,0.22,2.57
333,Resident Evil 3: Nemesis,PS,1999.0,Action,Eidos Interactive,1.3,0.77,1.54,0.11,3.72
9175,Robots,DS,2005.0,Action,Vivendi Games,0.12,0.01,0.0,0.01,0.14
2464,NCAA Football 11,PS3,2010.0,Sports,Electronic Arts,0.79,0.0,0.0,0.06,0.84
2494,Mega Man Legends,PS,1997.0,Adventure,Capcom,0.39,0.26,0.12,0.05,0.83
4543,"999: Nine Hours, Nine Persons, Nine Doors",DS,2009.0,Adventure,ChunSoft,0.37,0.0,0.03,0.03,0.43
13244,Capcom vs. SNK: Millennium Fight 2000 Pro,DC,2001.0,Fighting,Capcom,0.0,0.0,0.05,0.0,0.05
16121,Football Manager 2005,PC,2004.0,Sports,Sega,0.0,0.01,0.0,0.0,0.01
5616,Tony Hawk's American Wasteland,X360,2005.0,Sports,Activision,0.28,0.02,0.0,0.03,0.32
3080,Tiger Woods PGA Tour 09,PS3,2008.0,Sports,Electronic Arts,0.34,0.22,0.0,0.1,0.66
6450,Rayman DS,DS,2005.0,Platform,Ubisoft,0.21,0.04,0.0,0.02,0.26
949,Just Cause 3,PS4,2015.0,Action,Square Enix,0.46,1.02,0.07,0.28,1.83
9273,Football Manager 2014,PSV,2013.0,Sports,Sega,0.0,0.1,0.0,0.04,0.14
7421,Bastard!! Utsuro Naru Kamigami no Utsuwa,PS,1996.0,Role-Playing,Seta Corporation,0.0,0.0,0.2,0.01,0.21
9234,Ape Escape Academy (jp sales),PSP,2004.0,Misc,Sony Computer Entertainment,0.0,0.0,0.13,0.0,0.14
725,LEGO Indiana Jones: The Original Adventures,DS,2008.0,Action,Activision,1.42,0.61,0.0,0.21,2.23
3349,WarioWare D.I.Y.,DS,2009.0,Misc,Nintendo,0.18,0.19,0.2,0.04,0.6
13410,Atelier Ayesha: The Alchemist of Dusk,PSV,2014.0,Role-Playing,Tecmo Koei,0.0,0.0,0.05,0.0,0.05
2138,Club Penguin: Game Day!,Wii,2010.0,Sports,Disney Interactive Studios,0.56,0.33,0.0,0.08,0.97
15573,New Atelier Rorona: Hajimari no Monogatari,3DS,2015.0,Action,Tecmo Koei,0.0,0.0,0.02,0.0,0.02
9336,Final Fantasy XI: Rise of the Zilart,PS2,2003.0,Role-Playing,Square Enix,0.0,0.0,0.13,0.0,0.13
3567,Arena Football,PS2,2006.0,Sports,Electronic Arts,0.28,0.22,0.0,0.07,0.56
13710,NBA in the Zone 2000,N64,2000.0,Sports,Konami Digital Entertainment,0.04,0.0,0.0,0.0,0.04
13923,Super Army War,GBA,2005.0,Action,Flashpoint Games,0.03,0.01,0.0,0.0,0.04
8895,Pro Baseball Spirits 2015,PS3,2015.0,Action,Konami Digital Entertainment,0.0,0.0,0.15,0.0,0.15
12542,Need for Speed: Shift,PC,2009.0,Racing,Electronic Arts,0.0,0.05,0.0,0.01,0.06
9429,RPG Maker II,PS2,2002.0,Role-Playing,Enterbrain,0.06,0.05,0.0,0.02,0.13
13995,NHL 16,PS3,2015.0,Sports,Electronic Arts,0.0,0.03,0.0,0.01,0.04
111,Mario Kart: Double Dash!!,GC,2003.0,Racing,Nintendo,4.12,1.77,0.87,0.19,6.95
1777,Donkey Konga,GC,2003.0,Misc,Nintendo,0.5,0.16,0.46,0.03,1.15
2911,Star Wars: Obi-Wan,XB,2001.0,Action,Activision,0.52,0.16,0.0,0.02,0.7
1068,Harry Potter and the Sorcerer's Stone,GBA,2001.0,Action,Electronic Arts,0.87,0.66,0.08,0.08,1.69
12558,Top Gun: Hard Lock,X360,2012.0,Action,505 Games,0.03,0.02,0.0,0.0,0.06
2018,Rayman Origins,PS3,2011.0,Platform,Ubisoft,0.33,0.51,0.01,0.18,1.03
8564,NASCAR Heat 2002,GBA,2002.0,Racing,Infogrames,0.12,0.04,0.0,0.0,0.16
2394,Tony Hawk's Project 8,PS2,2006.0,Sports,Activision,0.72,0.03,0.0,0.12,0.87
1316,LEGO City Undercover,3DS,2013.0,Platform,Nintendo,0.51,0.75,0.07,0.12,1.46
14020,World in Conflict,PC,2007.0,Strategy,Vivendi Games,0.0,0.03,0.0,0.01,0.04
445,Personal Trainer: Cooking,DS,2006.0,Misc,Nintendo,0.91,1.0,1.03,0.17,3.12
6313,NickToons: Racing,GBA,2002.0,Racing,Infogrames,0.19,0.07,0.0,0.0,0.27
8898,Strawberry Shortcake: Game Boy Advance Video Volume 1,GBA,2004.0,Misc,Nothing,0.11,0.04,0.0,0.0,0.15
634,Need for Speed Carbon: Own the City,PSP,2006.0,Racing,Electronic Arts,0.87,0.98,0.0,0.59,2.44
13117,Fighter Destiny 2,N64,1999.0,Fighting,Imagineer,0.04,0.01,0.0,0.0,0.05
12033,Jake Power: Handyman,DS,2008.0,Adventure,Ubisoft,0.06,0.0,0.0,0.0,0.07
14972,Pony Luv,DS,2008.0,Simulation,GSP,0.02,0.0,0.0,0.0,0.02
2866,Top Spin 4,PS3,2011.0,Sports,Take-Two Interactive,0.17,0.4,0.0,0.14,0.71
8279,The King of Fighters '97,SAT,1998.0,Fighting,SNK,0.0,0.0,0.17,0.0,0.17
10032,Brain Quest: Grades 5 & 6,DS,2008.0,Misc,Electronic Arts,0.11,0.0,0.0,0.01,0.11
4028,Dragon Quest Heroes: The World's Tree Woe and the Blight Below,PS3,2015.0,Action,Square Enix,0.0,0.0,0.49,0.0,0.49
6034,World of Tanks,PC,2011.0,Shooter,Wargaming.net,0.0,0.23,0.0,0.06,0.29
1600,Baldur's Gate: Dark Alliance,PS2,2001.0,Role-Playing,Virgin Interactive,0.61,0.48,0.0,0.16,1.24
13103,Jim Henson's Muppets in Spy Muppets: License to Croak,GBA,2003.0,Action,TDK Mediactive,0.04,0.01,0.0,0.0,0.05
10042,UEFA Euro 2016,PS3,2016.0,Sports,Konami Digital Entertainment,0.0,0.08,0.02,0.01,0.11
6763,Driver '76,PSP,2007.0,Racing,Ubisoft,0.03,0.14,0.0,0.08,0.25
16049,Blitzkrieg 2 Anthology,PC,2008.0,Strategy,Ascaron Entertainment GmbH,0.0,0.01,0.0,0.0,0.01
3238,Nobunaga no Yabou: Haouden,SNES,1993.0,Strategy,Tecmo Koei,0.3,0.0,0.32,0.0,0.62
16034,Kono Aozora ni Yakusoku o: Tenohira no Rakuen,PSP,2009.0,Adventure,TGL,0.0,0.0,0.01,0.0,0.01
9198,The King of Fighters '94 (CD),NG,1993.0,Fighting,SNK,0.0,0.0,0.14,0.0,0.14
9229,Science Papa,Wii,2009.0,Misc,Activision,0.12,0.01,0.0,0.01,0.14
11157,Resident Evil: Revelations 2,X360,2015.0,Action,Capcom,0.04,0.04,0.0,0.01,0.09
13081,Bakusou Kyoudai Let's & Go!! Eternal Wings,PS,1998.0,Racing,Jaleco,0.0,0.0,0.05,0.0,0.05
5177,Kamaitachi no Yoru 2,PS2,2002.0,Adventure,ChunSoft,0.0,0.0,0.36,0.0,0.36
6712,The Legend of Legacy,3DS,2015.0,Role-Playing,FuRyu,0.11,0.02,0.1,0.01,0.25
2104,Farming Simulator 2013,PC,2012.0,Simulation,Focus Home Interactive,0.0,0.8,0.0,0.18,0.99
4396,WWE Day of Reckoning,GC,2004.0,Fighting,THQ,0.35,0.09,0.0,0.01,0.45
10923,Dragon Ball Kai: Ultimate Butouden,DS,2011.0,Fighting,Namco Bandai Games,0.0,0.0,0.09,0.0,0.09
2472,Big Mutha Truckers,PS2,2002.0,Racing,Empire Interactive,0.41,0.32,0.0,0.11,0.84
12496,Neon Genesis Evangelion,N64,1999.0,Adventure,Namco Bandai Games,0.0,0.0,0.06,0.0,0.06
10257,X-Men: Next Dimension,XB,2002.0,Fighting,Activision,0.08,0.02,0.0,0.0,0.11
13453,Short Track Racing: Trading Paint,PS2,2009.0,Racing,THQ,0.02,0.02,0.0,0.01,0.05
11200,The Penguins of Madagascar: Dr. Blowhole Returns - Again!,Wii,2011.0,Action,THQ,0.05,0.03,0.0,0.01,0.09
3717,Def Jam: Fight for NY,XB,2006.0788990825688,Fighting,Electronic Arts,0.43,0.1,0.0,0.02,0.54
7061,Risen 2: Dark Waters,PC,2012.0,Role-Playing,Deep Silver,0.0,0.19,0.0,0.04,0.23
11261,Aibou DS,DS,2009.0,Adventure,Tecmo Koei,0.0,0.0,0.08,0.0,0.08
6131,R: Racing Evolution,PS2,2003.0,Racing,Namco Bandai Games,0.14,0.11,0.0,0.04,0.28
5647,Street Fighter Alpha 2,SAT,1995.0,Fighting,Virgin Interactive,0.0,0.0,0.32,0.0,0.32
15741,Clue / Mouse Trap / Perfection / Aggravation,DS,2006.0,Misc,Unknown,0.02,0.0,0.0,0.0,0.02
15484,Agatha Christie's The ABC Murders,PS4,2016.0,Adventure,Microids,0.01,0.01,0.0,0.0,0.02
2349,Call of Duty: Modern Warfare 2,PC,2009.0,Shooter,Activision,0.01,0.79,0.0,0.09,0.89
9893,Marvel Trading Card Game,DS,2007.0,Misc,Konami Digital Entertainment,0.11,0.0,0.0,0.01,0.12
116,Uncharted 3: Drake's Deception,PS3,2011.0,Action,Sony Computer Entertainment,2.77,2.8,0.19,1.06,6.83
9202,Create,X360,2010.0,Action,Electronic Arts,0.1,0.03,0.0,0.01,0.14
6447,The Crew,X360,2014.0,Racing,Ubisoft,0.06,0.18,0.0,0.02,0.26
1574,Devil Dice,PS,1998.0,Puzzle,THQ,0.05,0.03,1.1,0.08,1.26
6856,Sakura Wars: Atsuki Chishio Ni,PS2,2003.0,Role-Playing,Sega,0.0,0.0,0.24,0.0,0.24
7215,LEGO Harry Potter: Years 5-7,PC,2006.0788990825688,Action,Warner Bros. Interactive Entertainment,0.05,0.14,0.0,0.03,0.22
8264,NHL 2K9,X360,2008.0,Sports,Take-Two Interactive,0.15,0.01,0.0,0.01,0.17
10861,Rygar: The Battle of Argus,Wii,2008.0,Action,Rising Star Games,0.09,0.0,0.0,0.01,0.09
13161,Ty the Tasmanian Tiger 3: Night of the Quinkan,GBA,2005.0,Action,Zoo Digital Publishing,0.04,0.01,0.0,0.0,0.05
1174,Jampack Summer 2K,PS,2000.0,Misc,Sony Computer Entertainment,0.88,0.6,0.0,0.1,1.58
7584,Cars,XB,2006.0,Racing,THQ,0.15,0.04,0.0,0.01,0.2
14433,Sunny Garcia Surfing,PS2,2001.0,Sports,Ubisoft,0.02,0.01,0.0,0.0,0.03
6545,The Testament of Sherlock Holmes,PS3,2012.0,Adventure,Focus Home Interactive,0.05,0.15,0.0,0.06,0.26
4269,Gremlins,2600,1983.0,Action,Atari,0.43,0.03,0.0,0.0,0.46
6502,Ace Attorney Investigations 2,DS,2011.0,Adventure,Capcom,0.0,0.0,0.26,0.0,0.26
12171,Rapala Pro Bass Fishing 2010,PSP,2010.0,Sports,Activision,0.06,0.0,0.0,0.01,0.07
8006,Sports Illustrated for Kids: Football,GBA,2003.0,Sports,BAM! Entertainment,0.13,0.05,0.0,0.0,0.18
10526,Monster Jam: Maximum Destruction,GBA,2002.0,Racing,Ubisoft,0.07,0.03,0.0,0.0,0.1
4316,Lego Batman 3: Beyond Gotham,3DS,2014.0,Action,Warner Bros. Interactive Entertainment,0.21,0.21,0.0,0.04,0.45
15314,The King of Fighters NeoWave,XB,2006.0,Fighting,SNK Playmore,0.02,0.0,0.0,0.0,0.02
11499,Pilot ni Narou! 2,PS2,2001.0,Simulation,Victor Interactive,0.0,0.0,0.08,0.0,0.08
3440,Top Spin 3,Wii,2008.0,Action,Take-Two Interactive,0.15,0.37,0.0,0.07,0.58
14455,Peak Performance,PS,1997.0,Racing,JVC,0.02,0.01,0.0,0.0,0.03
16420,th!nk Logic Trainer,Wii,2009.0,Puzzle,Conspiracy Entertainment,0.01,0.0,0.0,0.0,0.01
16165,Tiger Woods PGA Tour 2005,PC,2004.0,Sports,Electronic Arts,0.0,0.01,0.0,0.0,0.01
9494,Secret Agent Clank,PSP,2008.0,Platform,Sony Computer Entertainment,0.04,0.03,0.04,0.02,0.13
9177,Godzilla: Save the Earth,XB,2004.0,Fighting,Atari,0.1,0.03,0.0,0.0,0.14
6222,Civilization II,PS,1998.0,Strategy,Activision,0.15,0.11,0.0,0.02,0.28
12521,BlazBlue: Chrono Phantasma Extend,XOne,2015.0,Action,PQube,0.05,0.01,0.0,0.01,0.06
3501,NFL Blitz 2000,N64,1999.0,Sports,Midway Games,0.55,0.02,0.0,0.0,0.58
15196,Motto! SoniComi,PS3,2014.0,Simulation,Kadokawa Games,0.0,0.0,0.02,0.0,0.02
12243,NHL Hitz Pro,XB,2003.0,Sports,Midway Games,0.05,0.01,0.0,0.0,0.07
15000,Wii de Asobu: Metroid Prime,Wii,2006.0788990825688,Shooter,Nintendo,0.0,0.0,0.02,0.0,0.02
8307,Chuck E. Cheese's Party Games,Wii,2010.0,Misc,UFO Interactive,0.16,0.0,0.0,0.01,0.17
10217,Batman & Robin,PS,1998.0,Action,Acclaim Entertainment,0.06,0.04,0.0,0.01,0.11
4522,The Powerpuff Girls: Him and Seek,GBA,2002.0,Platform,BAM! Entertainment,0.31,0.11,0.0,0.01,0.43
15176,Happiness! De-Lucks,PS2,2007.0,Adventure,Marvelous Interactive,0.0,0.0,0.02,0.0,0.02
11428,Tornado Outbreak,X360,2009.0,Action,Konami Digital Entertainment,0.07,0.0,0.0,0.01,0.08
6881,Fantastic 4,GC,2005.0,Action,Activision,0.19,0.05,0.0,0.01,0.24
10405,Petz Fashion: Dogz & Catz,DS,2009.0,Simulation,Ubisoft,0.1,0.0,0.0,0.01,0.11
10739,Thor: God of Thunder,3DS,2011.0,Action,Sega,0.06,0.03,0.0,0.01,0.1
6634,Power Pro Kun Pocket 2,GB,2000.0,Sports,Konami Digital Entertainment,0.0,0.0,0.25,0.0,0.25
13703,Capcom Fighting Evolution,XB,2005.0,Fighting,Capcom,0.03,0.01,0.0,0.0,0.04
12621,Tabi no Yubisashi Kaiwachou DS: DS Series 3 Kankoku,DS,2006.0,Misc,Nintendo,0.0,0.0,0.06,0.0,0.06
1387,Final Fantasy III,NES,1990.0,Role-Playing,SquareSoft,0.0,0.0,1.39,0.01,1.4
10339,Rengoku: The Tower of Purgatory,PSP,2005.0,Action,Konami Digital Entertainment,0.1,0.0,0.0,0.01,0.11
14482,The Peanuts Movie: Snoopy's Grand Adventure,3DS,2015.0,Action,Activision,0.0,0.03,0.0,0.0,0.03
10129,Funky Barn,3DS,2012.0,Simulation,Ubisoft,0.07,0.03,0.0,0.01,0.11
8649,Dragon's Lair Trilogy,Wii,2010.0,Adventure,Destineer,0.15,0.0,0.0,0.01,0.16
15569,TV Anime Idolm@ster: Cinderella Girls G4U! Pack Vol.8,PS3,2016.0,Misc,Namco Bandai Games,0.0,0.0,0.02,0.0,0.02
4133,Midnight Club: Street Racing,GBA,2001.0,Racing,Rebellion,0.34,0.13,0.0,0.01,0.48
4379,Viking: Battle for Asgard,X360,2008.0,Action,Sega,0.16,0.24,0.0,0.05,0.45
11663,Pro Yakyuu Famista DS 2010,DS,2010.0,Sports,Namco Bandai Games,0.0,0.0,0.08,0.0,0.08
2592,Mario & Sonic at the Sochi 2014 Olympic Winter Games,WiiU,2013.0,Sports,Nintendo,0.39,0.22,0.13,0.06,0.8
8675,Guilty Gear Xrd: Sign,PS4,2014.0,Fighting,Arc System Works,0.1,0.0,0.04,0.02,0.16
14343,Exstetra,PSV,2013.0,Role-Playing,FuRyu,0.0,0.0,0.03,0.0,0.03
790,Need for Speed: Most Wanted 5-1-0,PSP,2005.0,Racing,Electronic Arts,1.77,0.13,0.02,0.18,2.1
14401,Egg Mania: Eggstreme Madness,PS2,2002.0,Puzzle,Kemco,0.02,0.01,0.0,0.0,0.03
14707,The Last Guy,PS3,2009.0,Action,Sony Computer Entertainment,0.0,0.0,0.03,0.0,0.03
690,Chrono Trigger,SNES,1995.0,Role-Playing,SquareSoft,0.28,0.0,2.02,0.01,2.31
4259,The Legend of Spyro: Dawn of the Dragon,PS3,2008.0,Platform,Vivendi Games,0.19,0.19,0.0,0.08,0.46
9321,Salt Lake 2002,PS2,2002.0,Sports,Eidos Interactive,0.07,0.05,0.0,0.02,0.14
9146,Your Shape: Fitness Evolved 2013,WiiU,2012.0,Action,Ubisoft,0.06,0.07,0.0,0.01,0.14
4885,Juiced 2: Hot Import Nights,PS2,2007.0,Racing,THQ,0.19,0.15,0.01,0.05,0.39
13519,M&M's Beach Party,Wii,2009.0,Misc,Zoo Digital Publishing,0.04,0.0,0.0,0.0,0.04
6908,Dora the Explorer: Super Star Adventures,GBA,2004.0,Adventure,Game Factory,0.17,0.06,0.0,0.0,0.24
